Scenario,Joint,Kp,Ki,Kd,RMSE,PeakAbsErrorAfter025s,FinalErrorAt12s,Unit
low_25pct,1,7.5,0.25,2,4.92747641549168,11.9925729288078,0.128423115948962,deg
low_25pct,2,6.25,0.25,1.5,2.8074330062956,6.78115916387412,0.0921177223396477,deg
low_25pct,3,5,0.125,1.25,1.44332896186616,2.58894597852337,0.0585766166338715,deg
low_25pct,4,15,0,5,0.00176207938818347,0.00499504562283016,-0.000176705572759062,m
original,1,30,1,8,1.1700514114918,3.43762520858066,-0.00393303247827248,deg
original,2,25,1,6,0.784259509803536,1.95778692019936,-0.00338569895972896,deg
original,3,20,0.5,5,0.719721640972926,0.69066732293598,0.00712442856475093,deg
original,4,60,0,20,0.000403075259474359,0.00114075885777801,-4.41763340849333e-05,m
tuned,1,60,1,20,0.535102544656557,1.32083338151081,-0.000964168706751423,deg
tuned,2,50,1,15,0.48527355982036,0.777556766614926,0.0058964495861531,deg
tuned,3,40,0.5,12.5,0.58003983815182,0.447526327782644,-0.00167862462735968,deg
tuned,4,60,0,20,0.000403288172133764,0.00114109708420337,-4.41763341075541e-05,m
high_P_I,1,120,2,8,0.644770925589896,2.1220003192127,-0.0107900572836215,deg
high_P_I,2,100,2,6,0.55177180623541,1.22281075237213,-0.00564027567120462,deg
high_P_I,3,80,1,5,0.665954304420892,0.475186549590602,-0.000946331814624557,deg
high_P_I,4,240,0,20,0.000114869907777132,0.000330184366120086,-1.10440824216962e-05,m
high_with_D,1,120,2,32,0.349013151319424,0.688501903090018,0.0101185549349552,deg
high_with_D,2,100,2,24,0.412761179764402,0.43803902148185,-0.0180099119813306,deg
high_with_D,3,80,1,20,0.535988636804306,0.197433313074951,0.0311950949967112,deg
high_with_D,4,240,0,80,9.87296098177633e-05,0.000279001778581207,-1.1044083404077e-05,m
